evento_id,evento,evento_exemplo,tipo_evento,local,n_artigos,n_classificados,score_medio,media_sentimento,muito_negativo,negativo,neutro,positivo,muito_positivo,n/a,n_positivas,n_negativas,n_muito_positivas,n_muito_negativas,share_positivo,share_negativo,share_muito_positivo,share_muito_negativo,peso_positivo,peso_negativo,titulos_exemplo
auditorias-irregularidades-seguranca-presente-2026,auditorias-irregularidades-seguranca-presente-2026,Auditorias revelam irregularidades no Segurança Presente,denuncia/irregularidade,Rio de Janeiro,3,3,-2.0,-2.0,3,0,0,0,0,0,0,3,0,3,0.0,1.0,0.0,1.0,0,6,"Segurança presente: de escala fantasma a fraudes no cumprimento de metas, os primeiros resultados das auditorias | Auditorias apontam escalas fantasmas e metas fraudadas no Segurança Presente"
100-policiais-baleados-grande-rio-2025,100-policiais-baleados-grande-rio-2025,100 policiais baleados na Grande Rio em 2025,violencia/crime,Grande Rio,1,1,-2.0,-2.0,1,0,0,0,0,0,0,1,0,1,0.0,1.0,0.0,1.0,0,2,"Grande Rio tem 100 policiais baleados em 2025, diz Fogo Cruzado"
abordagem-truculenta-policiais-seguranca-presente-2023,abordagem-truculenta-policiais-seguranca-presente-2023,Abordagem truculenta de policial militar a mulher com crianças no Centro do Rio,denuncia/irregularidade,Centro do Rio de Janeiro,1,1,-2.0,-2.0,1,0,0,0,0,0,0,1,0,1,0.0,1.0,0.0,1.0,0,2,RJ: policial militar é flagrado quase enforcando mulher que vendia balas na rua com duas crianças
agente-bope-baleado-seguranca-presente-duque-caxias-2025,agente-bope-baleado-seguranca-presente-duque-caxias-2025,Agente do Bope baleado por colega do Segurança Presente em Duque de Caxias,violencia/crime,Duque de Caxias,1,1,-2.0,-2.0,1,0,0,0,0,0,0,1,0,1,0.0,1.0,0.0,1.0,0,2,Agente do Bope baleado por colega de farda está em estado grave
anulacao-nomeacao-servidor-corrupto-pm-2026,anulacao-nomeacao-servidor-corrupto-pm-2026,Anulação da nomeação de servidor acusado de corrupção na PM,gestao/administracao,Rio de Janeiro,1,1,-2.0,-2.0,1,0,0,0,0,0,0,1,0,1,0.0,1.0,0.0,1.0,0,2,Casa Civil do Estado recua e anula nomeação de servidor acusado de desviar verba do Fundo de Saúde da PM
apreensao-planilha-cargos-governo-rj-2026,apreensao-planilha-cargos-governo-rj-2026,Apreensão de planilha sobre divisão de cargos no governo do RJ,denuncia/irregularidade,Rio de Janeiro,1,1,-2.0,-2.0,1,0,0,0,0,0,0,1,0,1,0.0,1.0,0.0,1.0,0,2,PF cita planilha ligada a Rodrigo Bacellar que detalha divisão de cargos no governo do RJ
assalto-turistas-pedra-do-arpoador-2022,assalto-turistas-pedra-do-arpoador-2022,Assalto a turistas na Pedra do Arpoador,violencia/crime,"Pedra do Arpoador, Rio de Janeiro",1,1,-2.0,-2.0,1,0,0,0,0,0,0,1,0,1,0.0,1.0,0.0,1.0,0,2,Roberto Motta: Terra da Impunidade
assassinato-gabriel-mongenot-copacabana-2023,assassinato-gabriel-mongenot-copacabana-2023,Assassinato de Gabriel Mongenot em Copacabana,violencia/crime,"Copacabana, Rio de Janeiro",1,1,-2.0,-2.0,1,0,0,0,0,0,0,1,0,1,0.0,1.0,0.0,1.0,0,2,Um dos bandidos que participou do assalto e assassinato de Gabriel Mongenot passou por 56 abordagens polciais
auditoria-uso-irregular-cpf-governo-rio-2025,auditoria-uso-irregular-cpf-governo-rio-2025,Investigação sobre uso irregular de CPFs pelo governo do Rio,denuncia/irregularidade,Rio de Janeiro,1,1,-2.0,-2.0,1,0,0,0,0,0,0,1,0,1,0.0,1.0,0.0,1.0,0,2,Auditoria do Ministério da Justiça identifica uso irregular de quase 70 milhões de CPFs pelo governo do Rio
condenacao-ex-agente-seguranca-presente-tentativa-feminicidio-niteroi-2023,condenacao-ex-agente-seguranca-presente-tentativa-feminicidio-niteroi-2023,Condenação de ex-agente do Segurança Presente por tentativa de feminicídio em Niterói,denuncia/irregularidade,Niterói,1,1,-2.0,-2.0,1,0,0,0,0,0,0,1,0,1,0.0,1.0,0.0,1.0,0,2,Ex-agente do Segurança Presente é condenado por tentativa de feminicídio em Niterói
critica-gestao-seguranca-publica-rio-2023,critica-gestao-seguranca-publica-rio-2023,Crítica à gestão da segurança pública no Rio de Janeiro,outro,Rio de Janeiro,1,1,-2.0,-2.0,1,0,0,0,0,0,0,1,0,1,0.0,1.0,0.0,1.0,0,2,"Marques: Governador, Londres não precisa de você. Nós precisamos"
demissao-agentes-seguranca-presente-2023,demissao-agentes-seguranca-presente-2023,Demissão de agentes civis do Segurança Presente por crimes,denuncia/irregularidade,Rio de Janeiro,1,1,-2.0,-2.0,1,0,0,0,0,0,0,1,0,1,0.0,1.0,0.0,1.0,0,2,MPRJ descobre que agentes civis do Segurança Presente respondiam por crimes; funcionários foram demitidos
exoneracao-presidente-vice-ceperj-2022,exoneracao-presidente-vice-ceperj-2022,Exoneração do presidente e vice da Ceperj devido a investigação de corrupção,denuncia/irregularidade,Rio de Janeiro,1,1,-2.0,-2.0,1,0,0,0,0,0,0,1,0,1,0.0,1.0,0.0,1.0,0,2,Presidente e vice da Ceperj pedem exoneração dos seus cargos ao governador do Rio
infiltracao-comando-vermelho-orgaos-publicos-2026,infiltracao-comando-vermelho-orgaos-publicos-2026,Infiltração do Comando Vermelho em órgãos públicos e busca por alianças políticas,denuncia/irregularidade,Rio de Janeiro,1,1,-2.0,-2.0,1,0,0,0,0,0,0,1,0,1,0.0,1.0,0.0,1.0,0,2,Investigação mostra como o Comando Vermelho entrou em órgãos públicos e mira a política no Rio
megaoperacao-penha-alemao-2025,megaoperacao-penha-alemao-2025,Megaoperação na Penha e no Alemão,operacao policial,"Penha e Alemão, Rio de Janeiro",1,1,-2.0,-2.0,1,0,0,0,0,0,0,1,0,1,0.0,1.0,0.0,1.0,0,2,"Castro diz que operação na Penha e no Alemão ‘higienizou mais de 115 vagabundos’ e defende número de mortos; ‘se pudesse ter sido mais, teria sido’"
morte-ex-agente-seguranca-presente-abolicacao-2026,morte-ex-agente-seguranca-presente-abolicacao-2026,Morte de ex-agente do Segurança Presente na Abolição,violencia/crime,"Abolição, Rio de Janeiro",1,1,-2.0,-2.0,1,0,0,0,0,0,0,1,0,1,0.0,1.0,0.0,1.0,0,2,Homem morto a tiros na Abolição já foi agente do Programa Segurança Presente
morte-ex-agente-seguranca-presente-inhauma-2025,morte-ex-agente-seguranca-presente-inhauma-2025,Morte de ex-agente do Segurança Presente em Inhaúma,violencia/crime,"Inhaúma, Zona Norte do Rio",1,1,-2.0,-2.0,1,0,0,0,0,0,0,1,0,1,0.0,1.0,0.0,1.0,0,2,Ex-agente do Segurança Presente é morto a tiros na Zona Norte; vídeo
morte-mulher-assalto-perseguicao-policial-duque-de-caxias-2026,morte-mulher-assalto-perseguicao-policial-duque-de-caxias-2026,Morte de mulher durante assalto e perseguição policial em Duque de Caxias,violencia/crime,Duque de Caxias,1,1,-2.0,-2.0,1,0,0,0,0,0,0,1,0,1,0.0,1.0,0.0,1.0,0,2,Vídeo: Mulher morre baleada durante assalto e perseguição policial em Duque de Caxias
morte-professora-silvania-duque-de-caxias-2026,morte-professora-silvania-duque-de-caxias-2026,Morte da professora Silvânia da Silva Guimarães em tiroteio durante assalto,violencia/crime,"Duque de Caxias, Baixada Fluminense",1,1,-2.0,-2.0,1,0,0,0,0,0,0,1,0,1,0.0,1.0,0.0,1.0,0,2,Professora morta em tiroteio na Baixada é enterrada sob comoção
morte-sargento-bruno-dantas-duque-de-caxias-2026,morte-sargento-bruno-dantas-duque-de-caxias-2026,Morte do sargento Bruno Dantas em Duque de Caxias durante assalto,violencia/crime,Duque de Caxias,1,1,-2.0,-2.0,1,0,0,0,0,0,0,1,0,1,0.0,1.0,0.0,1.0,0,2,Sargento da PM de folga morre baleado ao reagir a assalto em Duque de Caxias
morte-subtenente-george-damiany-santanna-carvalho-iraja-2024,morte-subtenente-george-damiany-santanna-carvalho-iraja-2024,Morte do subtenente George Damiany San’tanna Carvalho em Irajá,violencia/crime,"Irajá, Rio de Janeiro",1,1,-2.0,-2.0,1,0,0,0,0,0,0,1,0,1,0.0,1.0,0.0,1.0,0,2,Rio teve mais de 47 mil atendimentos a vítimas de trânsito em 2025
nomeacao-orson-welles-casa-civil-2026,nomeacao-orson-welles-casa-civil-2026,Nomeação de Orson Welles da Cruz para a Casa Civil,gestao/administracao,Rio de Janeiro,1,1,-2.0,-2.0,1,0,0,0,0,0,0,1,0,1,0.0,1.0,0.0,1.0,0,2,"Governo do estado do Rio nomeia, para Casa Civil, servidor acusado de desviar verba do Fundo de Saúde da PM e cobrar propinas da Lei Seca"
policial-bope-baleado-agente-seguranca-presente-duque-caxias-2025,policial-bope-baleado-agente-seguranca-presente-duque-caxias-2025,Policial do Bope baleado por agente do Segurança Presente em Duque de Caxias,violencia/crime,Duque de Caxias,1,1,-2.0,-2.0,1,0,0,0,0,0,0,1,0,1,0.0,1.0,0.0,1.0,0,2,PM do Bope é baleado por agente do Segurança Presente em Duque de Caxias
registro-centesimo-policial-baleado-rio-2020,registro-centesimo-policial-baleado-rio-2020,Registro do centésimo policial baleado no Rio de Janeiro em 2020,violencia/crime,Rio de Janeiro,1,1,-2.0,-2.0,1,0,0,0,0,0,0,1,0,1,0.0,1.0,0.0,1.0,0,2,Rio registra centésimo policial baleado este ano
registro-criancas-baleadas-rio-2024,registro-criancas-baleadas-rio-2024,Registro de crianças baleadas no Rio de Janeiro em 2024,violencia/crime,Rio de Janeiro,1,1,-2.0,-2.0,1,0,0,0,0,0,0,1,0,1,0.0,1.0,0.0,1.0,0,2,"Violência armada: Rio registra 23 crianças baleadas em 2024, três delas não resistiram"
representacao-mp-agressao-estudantes-zona-sul-2026,representacao-mp-agressao-estudantes-zona-sul-2026,Representação no MP contra policial que agrediu estudantes na Zona Sul,denuncia/irregularidade,"Largo do Machado, Zona Sul do Rio de Janeiro",1,1,-2.0,-2.0,1,0,0,0,0,0,0,1,0,1,0.0,1.0,0.0,1.0,0,2,Deputada faz representação no MP contra policial que agrediu estudantes em escola na Zona Sul
suspensao-sistema-cortex-uso-irregular-rio-2025,suspensao-sistema-cortex-uso-irregular-rio-2025,Suspensão do sistema Córtex devido a uso irregular de dados no Rio de Janeiro,denuncia/irregularidade,Rio de Janeiro,1,1,-2.0,-2.0,1,0,0,0,0,0,0,1,0,1,0.0,1.0,0.0,1.0,0,2,Ministério da Justiça vai suspender temporariamente sistema federal que monitorou irregularmente 70 milhões de CPFs no Rio
desaparecimento-jose-carlos-simonin-copacabana-2026,desaparecimento-jose-carlos-simonin-copacabana-2026,Desaparecimento de José Carlos Simonin em Copacabana,outro,Copacabana,3,3,-1.3333,-1.3333,1,2,0,0,0,0,0,3,0,1,0.0,1.0,0.0,0.3333,0,4,"Pai de acusado de estupro coletivo em Copacabana, José Carlos Simonin está desaparecido, diz família | 'Meu marido sumiu': Ex-subsecretário e pai de acusado em estupro coletivo em Copacabana é dado como desaparecido pela família"
expansao-seguranca-presente-indicacoes-politicas-2026,expansao-seguranca-presente-indicacoes-politicas-2026,Expansão do programa Segurança Presente associada a indicações políticas,gestao/administracao,Rio de Janeiro,2,2,-1.0,-1.0,0,2,0,0,0,0,0,2,0,0,0.0,1.0,0.0,0.0,0,2,Documentos internos apontam que expansão do programa Segurança Presente ocorria por indicação de políticos | Relatório do governo mostra que expansão do Segurança Presente foi guiada por indicação de deputados do PL - CBN
mudanca-coordenacao-seguranca-presente-2026,mudanca-coordenacao-seguranca-presente-2026,Mudança na coordenação do Segurança Presente,gestao/administracao,Rio de Janeiro,2,2,-1.0,-1.0,0,2,0,0,0,0,0,2,0,0,0.0,1.0,0.0,0.0,0,2,Eduardo Paes capitaliza medidas de Ricardo Couto enquanto Cláudio Castro critica
acao-seguranca-presente-tijuca-2023,acao-seguranca-presente-tijuca-2023,Ação do Segurança Presente na Tijuca para retirada de usuários de drogas,operacao policial,"Tijuca, Rio de Janeiro",1,1,-1.0,-1.0,0,1,0,0,0,0,0,1,0,0,0.0,1.0,0.0,0.0,0,1,Casa na Tijuca é palco de sexo explícito e consumo de drogas
acidente-toni-garrido-policial-lapa-2026,acidente-toni-garrido-policial-lapa-2026,Acidente envolvendo Toni Garrido e policial do Segurança Presente na Lapa,violencia/crime,"Lapa, Rio de Janeiro",1,1,-1.0,-1.0,0,1,0,0,0,0,0,1,0,0,0.0,1.0,0.0,0.0,0,1,Acidente com Toni Garrido deixa policial ferido na Lapa e caso vai parar na delegacia
acidente-toni-garrido-seguranca-presente-lapa-2026,acidente-toni-garrido-seguranca-presente-lapa-2026,Acidente envolvendo Toni Garrido e agente do Segurança Presente na Lapa,violencia/crime,"Lapa, Rio de Janeiro",1,1,-1.0,-1.0,0,1,0,0,0,0,0,1,0,0,0.0,1.0,0.0,0.0,0,1,Toni Garrido se envolve em acidente na Lapa e policial fica ferido
agentes-seguranca-presente-dormindo-viatura-2026,agentes-seguranca-presente-dormindo-viatura-2026,Agentes do Segurança Presente flagrados dormindo em viatura,denuncia/irregularidade,Central do Brasil,1,1,-1.0,-1.0,0,1,0,0,0,0,0,1,0,0,0.0,1.0,0.0,0.0,0,1,Soninho bom: agentes do Segurança Presente são flagrados dormindo em viatura
agentes-seguranca-presente-dormindo-viatura-central-do-brasil-2026,agentes-seguranca-presente-dormindo-viatura-central-do-brasil-2026,Agentes do Segurança Presente flagrados dormindo em viatura na Central do Brasil,denuncia/irregularidade,Centro do Rio,1,1,-1.0,-1.0,0,1,0,0,0,0,0,1,0,0,0.0,1.0,0.0,0.0,0,1,Agentes do Segurança Presente são flagrados dormindo em Viatura no Centro do Rio
agressao-cliente-funcionaria-spa-niteroi-2026,agressao-cliente-funcionaria-spa-niteroi-2026,Agressão de cliente a funcionária de spa em Niterói,violencia/crime,Niterói,1,1,-1.0,-1.0,0,1,0,0,0,0,0,1,0,0,0.0,1.0,0.0,0.0,0,1,Cliente agride funcionária de spa com lápis de sobrancelha em Niterói
ameaca-paralisacao-seguranca-presente-2024,ameaca-paralisacao-seguranca-presente-2024,Ameaça de paralisação dos agentes do Segurança Presente devido a atraso de salários pela Uerj,gestao/administracao,Rio de Janeiro,1,1,-1.0,-1.0,0,1,0,0,0,0,0,1,0,0,0.0,1.0,0.0,0.0,0,1,Uerj atrasa salários e agentes civis do Segurança Presente ameaçam parar
ameaca-retirada-pms-brt-seguro-2025,ameaca-retirada-pms-brt-seguro-2025,Ameaça de retirada de PMs do BRT Seguro por Cláudio Castro,gestao/administracao,Rio de Janeiro,1,1,-1.0,-1.0,0,1,0,0,0,0,0,1,0,0,0.0,1.0,0.0,0.0,0,1,Cláudio Castro ameaça retirar PMs do BRT Seguro caso Paes não invista na Guarda Municipal
ameaca-retirada-pms-programa-brt-seguro-2025,ameaca-retirada-pms-programa-brt-seguro-2025,Ameaça de retirada de PMs do programa BRT Seguro,gestao/administracao,Rio de Janeiro,1,1,-1.0,-1.0,0,1,0,0,0,0,0,1,0,0,0.0,1.0,0.0,0.0,0,1,Cláudio Castro ameaça tirar PMs do programa BRT Seguro de Paes
analise-gestao-claudio-castro-seguranca-2023,analise-gestao-claudio-castro-seguranca-2023,Análise da gestão de Cláudio Castro e suas implicações na segurança pública,gestao/administracao,Rio de Janeiro,1,1,-1.0,-1.0,0,1,0,0,0,0,0,1,0,0,0.0,1.0,0.0,0.0,0,1,Quintino: Governo Claudio Castro – Eu Vejo o Futuro Repetir o Passado
apreensao-menores-furtos-zona-norte-rio-2025,apreensao-menores-furtos-zona-norte-rio-2025,Apreensão de menores praticando furtos na Zona Norte do Rio,prisao/apreensao,Zona Norte do Rio,1,1,-1.0,-1.0,0,1,0,0,0,0,0,1,0,0,0.0,1.0,0.0,0.0,0,1,Vídeo: Blindado da Polícia Civil arranca para-choque de viatura durante operação na Maré
assalto-refem-lanchonete-tijuca-2020,assalto-refem-lanchonete-tijuca-2020,Assalto com refém em lanchonete na Tijuca,violencia/crime,"Tijuca, Rio de Janeiro",1,1,-1.0,-1.0,0,1,0,0,0,0,0,1,0,0,0.0,1.0,0.0,0.0,0,1,Bandido faz funcionária refém em lanchonete na Tijuca
assaltos-e-tiroteio-flamengo-2024,assaltos-e-tiroteio-flamengo-2024,Assaltos e tiroteio no Flamengo,violencia/crime,Flamengo,1,1,-1.0,-1.0,0,1,0,0,0,0,0,1,0,0,0.0,1.0,0.0,0.0,0,1,Noite de assaltos e tiroteio no Flamengo
assassinato-anderson-cunha-bangu-shopping-2025,assassinato-anderson-cunha-bangu-shopping-2025,Assassinato de Anderson da Cunha Figueiredo no Bangu Shopping,violencia/crime,"Bangu Shopping, Zona Oeste, Rio de Janeiro",1,1,-1.0,-1.0,0,1,0,0,0,0,0,1,0,0,0.0,1.0,0.0,0.0,0,1,O que se sabe sobre o assassinato no estacionamento do Bangu Shopping
ataque-tiros-deputado-max-lemos-duque-caxias-2026,ataque-tiros-deputado-max-lemos-duque-caxias-2026,Ataque a tiros contra o deputado Max Lemos em Duque de Caxias,violencia/crime,Duque de Caxias,1,1,-1.0,-1.0,0,1,0,0,0,0,0,1,0,0,0.0,1.0,0.0,0.0,0,1,Deputado Max Lemos é alvo de ataque a tiros em Duque de Caxias
audiencia-alerj-saude-mental-pm-2025,audiencia-alerj-saude-mental-pm-2025,Audiência na Alerj sobre saúde mental e reestruturação da PM,gestao/administracao,Rio de Janeiro,1,1,-1.0,-1.0,0,1,0,0,0,0,0,1,0,0,0.0,1.0,0.0,0.0,0,1,Secretário da PM diz que 5% dos policiais sofrem com problemas psicológicos
auditoria-novos-polos-seguranca-presente-2026,auditoria-novos-polos-seguranca-presente-2026,Auditoria sobre novos polos do Segurança Presente em 2026,denuncia/irregularidade,Rio de Janeiro,1,1,-1.0,-1.0,0,1,0,0,0,0,0,1,0,0,0.0,1.0,0.0,0.0,0,1,Auditoria revela planos para 28 novos polos do Segurança Presente em 2026; endereços foram recomendados por deputados
aumento-arrombamentos-furtos-centro-rio-2023,aumento-arrombamentos-furtos-centro-rio-2023,Aumento de arrombamentos e furtos no Centro do Rio,violencia/crime,Centro do Rio de Janeiro,1,1,-1.0,-1.0,0,1,0,0,0,0,0,1,0,0,0.0,1.0,0.0,0.0,0,1,Mais um prédio é alvo de mais um ‘mendigo arrombador’ no Centro do Rio
aumento-assaltos-bancas-jornais-niteroi-2025,aumento-assaltos-bancas-jornais-niteroi-2025,Aumento de assaltos a bancas de jornais em Niterói,violencia/crime,Niterói,1,1,-1.0,-1.0,0,1,0,0,0,0,0,1,0,0,0.0,1.0,0.0,0.0,0,1,Donos de bancas de jornais de Niterói reclamam de assaltos frequentes
aumento-assaltos-zona-sul-rio-2025,aumento-assaltos-zona-sul-rio-2025,Aumento de assaltos na Zona Sul do Rio de Janeiro,violencia/crime,"Zona Sul, Rio de Janeiro",1,1,-1.0,-1.0,0,1,0,0,0,0,0,1,0,0,0.0,1.0,0.0,0.0,0,1,Orla e passagens subterrâneas concentram os assaltos na Zona Sul
aumento-criminalidade-populacao-rua-rio-2023,aumento-criminalidade-populacao-rua-rio-2023,Aumento da criminalidade entre a população de rua no Rio de Janeiro,violencia/crime,"Copacabana, Rio de Janeiro",1,1,-1.0,-1.0,0,1,0,0,0,0,0,1,0,0,0.0,1.0,0.0,0.0,0,1,Especialistas alertam sobre toda uma nova geração morando na rua
aumento-furtos-celular-centro-rio-2022,aumento-furtos-celular-centro-rio-2022,Aumento de 200% nos furtos de celular no Centro do Rio de Janeiro em 2022,violencia/crime,Centro do Rio de Janeiro,1,1,-1.0,-1.0,0,1,0,0,0,0,0,1,0,0,0.0,1.0,0.0,0.0,0,1,"Furtos de celular, no Centro do Rio, registram aumento de 200%, segundo Instituto de Segurança Pública"
aumento-furtos-roubos-celulares-petropolis-2025,aumento-furtos-roubos-celulares-petropolis-2025,Aumento de furtos e roubos de celulares em Petrópolis,violencia/crime,Petrópolis,1,1,-1.0,-1.0,0,1,0,0,0,0,0,1,0,0,0.0,1.0,0.0,0.0,0,1,Petrópolis registra aumento de furtos e roubos de celulares
aumento-recursos-operacao-seguranca-presente-2020,aumento-recursos-operacao-seguranca-presente-2020,Aumento de recursos da Operação Segurança Presente sem redução da violência,resultado/indicador,Rio de Janeiro,1,1,-1.0,-1.0,0,1,0,0,0,0,0,1,0,0,0.0,1.0,0.0,0.0,0,1,"Operação Segurança Presente ampliou seus recursos em 300%, mas violência não diminuiu, aponta relatório"
aumento-roubos-centro-rio-2025,aumento-roubos-centro-rio-2025,Aumento de roubos no Centro do Rio e críticas ao Segurança Presente,violencia/crime,Centro do Rio de Janeiro,1,1,-1.0,-1.0,0,1,0,0,0,0,0,1,0,0,0.0,1.0,0.0,0.0,0,1,Segurança Presente não contém crimes no Centro do Rio: bancas arrombadas e 4 mil casos em setembro
aumento-violencia-menores-rua-da-assembleia-2021,aumento-violencia-menores-rua-da-assembleia-2021,Aumento da violência por menores de rua na Rua da Assembléia,violencia/crime,"Rua da Assembléia, Rio de Janeiro",1,1,-1.0,-1.0,0,1,0,0,0,0,0,1,0,0,0.0,1.0,0.0,0.0,0,1,"Menores de rua furtam, ameaçam e atiram pedras na Rua da Assembléia"
briga-ambulantes-aterro-flamengo-2025,briga-ambulantes-aterro-flamengo-2025,Briga entre ambulantes no Aterro do Flamengo termina com esfaqueamento,violencia/crime,Aterro do Flamengo,1,1,-1.0,-1.0,0,1,0,0,0,0,0,1,0,0,0.0,1.0,0.0,0.0,0,1,Briga por preço de água de coco no Aterro termina com ambulante esfaqueado
briga-torcedores-lemecopa-sul-americana-2026,briga-torcedores-lemecopa-sul-americana-2026,Briga entre torcedores argentinos e brasileiros na Praia do Leme,violencia/crime,"Praia do Leme, Rio de Janeiro",1,1,-1.0,-1.0,0,1,0,0,0,0,0,1,0,0,0.0,1.0,0.0,0.0,0,1,Leme vira palco de briga entre argentinos e brasileiros horas antes de Vasco x Barracas
briga-vendedores-coco-flamengo-2025,briga-vendedores-coco-flamengo-2025,Briga entre vendedores de coco no Aterro do Flamengo,violencia/crime,"Flamengo, Rio de Janeiro",1,1,-1.0,-1.0,0,1,0,0,0,0,0,1,0,0,0.0,1.0,0.0,0.0,0,1,Briga entre vendedores por preço de coco deixa um ferido e outro preso no Flamengo
cancelamento-ensaio-porto-da-pedra-2025,cancelamento-ensaio-porto-da-pedra-2025,Cancelamento do último ensaio de rua da Porto da Pedra por falta de verba,outro,São Gonçalo,1,1,-1.0,-1.0,0,1,0,0,0,0,0,1,0,0,0.0,1.0,0.0,0.0,0,1,Porto da Pedra cancela último ensaio de rua por falta de repasse de verba da prefeitura de São Gonçalo
casal-preso-ataque-policiais-seguranca-presente-cinelandia-2025,casal-preso-ataque-policiais-seguranca-presente-cinelândia-2025,Casal preso após atacar policiais do Segurança Presente na Cinelândia,prisao/apreensao,"Cinelândia, Centro do Rio",1,1,-1.0,-1.0,0,1,0,0,0,0,0,1,0,0,0.0,1.0,0.0,0.0,0,1,Vídeo: casal é preso após atacar policiais do Segurança Presente na Cinelândia
choque-de-ordem-cinelandia-2026,choque-de-ordem-cinelândia-2026,Pedido de choque de ordem na Cinelândia devido ao aumento de assaltos,gestao/administracao,"Cinelândia, Rio de Janeiro",1,1,-1.0,-1.0,0,1,0,0,0,0,0,1,0,0,0.0,1.0,0.0,0.0,0,1,Câmara do Rio pede choque de ordem na Cinelândia devido ao aumento de assaltos
citacao-alexandre-de-moraes-seguranca-presente-alerj-2024,citacao-alexandre-de-moraes-seguranca-presente-alerj-2024,Citação de Alexandre de Moraes e críticas ao Segurança Presente na Alerj,gestao/administracao,"Alerj, Rio de Janeiro",1,1,-1.0,-1.0,0,1,0,0,0,0,0,1,0,0,0.0,1.0,0.0,0.0,0,1,Deputado Vitor Junior cita Alexandre de Moraes na Alerj e fica mal com colegas
comparacao-forca-municipal-seguranca-presente-2025,comparacao-forca-municipal-seguranca-presente-2025,Comparação entre Força Municipal e Segurança Presente gera polêmica na Câmara,gestao/administracao,Câmara Municipal do Rio de Janeiro,1,1,-1.0,-1.0,0,1,0,0,0,0,0,1,0,0,0.0,1.0,0.0,0.0,0,1,“Prefeitinho” irrita Rogério Amorim ao comparar Força Municipal de Paes ao Segurança Presente
compromisso-martha-rocha-seguranca-grande-meier-2020,compromisso-martha-rocha-seguranca-grande-meier-2020,Compromisso de Martha Rocha para melhorar serviços e segurança no Grande Méier,gestao/administracao,"Grande Méier, Rio de Janeiro",1,1,-1.0,-1.0,0,1,0,0,0,0,0,1,0,0,0.0,1.0,0.0,0.0,0,1,Martha Rocha fala sobre compromisso para melhorar serviços no Grande Méier
concurso-seguranca-presente-requisitos-diferentes-sexos-2025,concurso-seguranca-presente-requisitos-diferentes-sexos-2025,Concurso Segurança Presente com requisitos diferentes entre sexos,gestao/administracao,Rio de Janeiro,1,1,-1.0,-1.0,0,1,0,0,0,0,0,1,0,0,0.0,1.0,0.0,0.0,0,1,Concurso Segurança Presente tem requisitos diferentes entre sexos - Folha Dirigida
condenacao-presidente-camara-japeri-2026,condenacao-presidente-camara-japeri-2026,Condenação do presidente da Câmara de Japeri por porte ilegal de arma,denuncia/irregularidade,Japeri,1,1,-1.0,-1.0,0,1,0,0,0,0,0,1,0,0,0.0,1.0,0.0,0.0,0,1,Presidente da Câmara de Japeri é condenado por porte ilegal de arma
condenacao-rogerinho-rr-2026,condenacao-rogerinho-rr-2026,Condenação de Rogerinho da RR por porte ilegal de arma e uso de documento falso,denuncia/irregularidade,Japeri,1,1,-1.0,-1.0,0,1,0,0,0,0,0,1,0,0,0.0,1.0,0.0,0.0,0,1,Flávio Valle e Rosa Fernandes defendem Daniel Soranz após ataque na Câmara
condicoes-precarias-avenida-princesa-isabel-copacabana-2022,condicoes-precarias-avenida-princesa-isabel-copacabana-2022,Condições precárias na Avenida Princesa Isabel em Copacabana,outro,"Avenida Princesa Isabel, Copacabana, Rio de Janeiro",1,1,-1.0,-1.0,0,1,0,0,0,0,0,1,0,0,0.0,1.0,0.0,0.0,0,1,"‘Mendiga Isabel’: Avenida Princesa Isabel, em Copacabana, vira ‘lava jato’ de moradores de rua"
conflito-candidatas-alana-passos-clarice-chacon-largo-da-carioca-2024,conflito-candidatas-alana-passos-clarice-chacon-largo-da-carioca-2024,Conflito entre candidatas a vereadora Alana Passos e Clarice Chacon no Largo da Carioca,outro,"Largo da Carioca, Rio de Janeiro",1,1,-1.0,-1.0,0,1,0,0,0,0,0,1,0,0,0.0,1.0,0.0,0.0,0,1,Confusão entre as candidatas a vereadora Alana Passos e Clarice Chacon causa tumulto no Largo da Carioca
conflito-estudantes-vila-isabel-2023,conflito-estudantes-vila-isabel-2023,Conflito entre estudantes em Vila Isabel,violencia/crime,"Vila Isabel, Rio de Janeiro",1,1,-1.0,-1.0,0,1,0,0,0,0,0,1,0,0,0.0,1.0,0.0,0.0,0,1,"Em Vila Isabel, estudantes entram em confronto e param principal via do bairro"
conflito-governador-prefeito-seguranca-publica-2024,conflito-governador-prefeito-seguranca-publica-2024,Conflito entre governador e prefeito sobre segurança pública,gestao/administracao,Rio de Janeiro,1,1,-1.0,-1.0,0,1,0,0,0,0,0,1,0,0,0.0,1.0,0.0,0.0,0,1,"Via Instagram, Castro rebate críticas de Paes: ‘Segurança pública nunca foi sua prioridade’"
confronto-armado-duque-de-caxias-2026,confronto-armado-duque-de-caxias-2026,Confronto armado em Duque de Caxias resulta na morte de mulher,violencia/crime,Duque de Caxias,1,1,-1.0,-1.0,0,1,0,0,0,0,0,1,0,0,0.0,1.0,0.0,0.0,0,1,Polícia busca segundo envolvido no confronto que matou mulher em Caxias
confronto-estudantes-policiais-escola-senor-abravanel-2026,confronto-estudantes-policiais-escola-senor-abravanel-2026,Confronto entre estudantes e policiais militares na Escola Estadual Senor Abravanel,violencia/crime,"Escola Estadual Senor Abravanel, Largo do Machado, Zona Sul do Rio de Janeiro",1,1,-1.0,-1.0,0,1,0,0,0,0,0,1,0,0,0.0,1.0,0.0,0.0,0,1,Denúncias de assédio sexual motivaram ato estudantil que terminou em prisão de PM em escola na Zona Sul
confronto-policiais-suspeitos-saquarema-2026,confronto-policiais-suspeitos-saquarema-2026,Confronto entre policiais e suspeitos em Saquarema,operacao policial,Saquarema,1,1,-1.0,-1.0,0,1,0,0,0,0,0,1,0,0,0.0,1.0,0.0,0.0,0,1,Vitor Friary: Saúde mental virou pauta nas empresas. Mas virou mudança?
confusao-agressao-policiais-escola-municipal-francisco-jobim-meier-2022,confusao-agressao-policiais-escola-municipal-francisco-jobim-meier-2022,"Confusão e agressão a policiais na Escola Municipal Francisco Jobim, no Méier",violencia/crime,"Méier, Rio de Janeiro",1,1,-1.0,-1.0,0,1,0,0,0,0,0,1,0,0,0.0,1.0,0.0,0.0,0,1,Confusão em colégio no Méier termina com tiro para o alto e tijolada na cabeça de PM
confusao-alana-passos-clarice-chacon-largo-da-carioca-2024,confusao-alana-passos-clarice-chacon-largo-da-carioca-2024,Confusão entre Alana Passos e Clarice Chacon no Largo da Carioca,outro,"Largo da Carioca, Rio de Janeiro",1,1,-1.0,-1.0,0,1,0,0,0,0,0,1,0,0,0.0,1.0,0.0,0.0,0,1,Alana Passos e Clarice Chacon se envolvem em confusão na Carioca; veja o vídeo
confusao-entregadores-policiais-barra-shopping-2025,confusao-entregadores-policiais-barra-shopping-2025,Confusão entre entregadores e policiais no BarraShopping resulta em tiros,violencia/crime,"BarraShopping, Barra da Tijuca, Rio de Janeiro",1,1,-1.0,-1.0,0,1,0,0,0,0,0,1,0,0,0.0,1.0,0.0,0.0,0,1,Confusão com entregadores termina em tiros no estacionamento do BarraShopping
confusao-torcedores-argentinos-leme-2026,confusao-torcedores-argentinos-leme-2026,Confusão com torcedores argentinos no Leme,operacao policial,"Praia do Leme, Rio de Janeiro",1,1,-1.0,-1.0,0,1,0,0,0,0,0,1,0,0,0.0,1.0,0.0,0.0,0,1,Torcedores argentinos se envolvem em confusão no Leme após suspeita de uso de notas falsas com ambulantes
contratacao-cesgranrio-avaliacao-seguranca-presente-2025,contratacao-cesgranrio-avaliacao-seguranca-presente-2025,Contratação da Fundação Cesgranrio para avaliar o Segurança Presente,gestao/administracao,Rio de Janeiro,1,1,-1.0,-1.0,0,1,0,0,0,0,0,1,0,0,0.0,1.0,0.0,0.0,0,1,"Secretaria estadual de Governo contrata a Cesgranrio, sem licitação e por quase R$ 50 milhões, para avaliar o Segurança Presente"
criacao-forca-municipal-seguranca-rio-2025,criacao-forca-municipal-seguranca-rio-2025,Criação da Força Municipal de Segurança no Rio de Janeiro,gestao/administracao,Rio de Janeiro,1,1,-1.0,-1.0,0,1,0,0,0,0,0,1,0,0,0.0,1.0,0.0,0.0,0,1,Especialistas alertam para problemas em projeto da Força Municipal armada de Paes
critica-adpf-635-seguranca-publica-2025,critica-adpf-635-seguranca-publica-2025,Crítica do governador Cláudio Castro à ADPF 635 que restringe operações policiais em favelas,gestao/administracao,Rio de Janeiro,1,1,-1.0,-1.0,0,1,0,0,0,0,0,1,0,0,0.0,1.0,0.0,0.0,0,1,Governador do Rio critica ADPF das Favelas e defende atuação policial em comunidades
critica-liberacao-criminosos-judiciario-rio-2024,critica-liberacao-criminosos-judiciario-rio-2024,Crítica à liberação de criminosos pelo Judiciário no Rio de Janeiro,denuncia/irregularidade,Rio de Janeiro,1,1,-1.0,-1.0,0,1,0,0,0,0,0,1,0,0,0.0,1.0,0.0,0.0,0,1,Até quando o Rio será refém de marginais que foram presos pela PM e soltos pelo Judiciário
critica-seguranca-presente-meier-2022,critica-seguranca-presente-meier-2022,Crítica ao programa Segurança Presente no Méier,gestao/administracao,"Méier, Rio de Janeiro",1,1,-1.0,-1.0,0,1,0,0,0,0,0,1,0,0,0.0,1.0,0.0,0.0,0,1,Rogério Amorim: a pílula milagrosa da segurança pública
critica-seguranca-presente-morte-porteiro-niteroi-2024,critica-seguranca-presente-morte-porteiro-niteroi-2024,Crítica ao programa Segurança Presente após morte de porteiro em Niterói,denuncia/irregularidade,Niterói,1,1,-1.0,-1.0,0,1,0,0,0,0,0,1,0,0,0.0,1.0,0.0,0.0,0,1,Morte de porteiro provoca guerra política em Niterói
critica-soltura-criminosos-judiciario-copacabana-2023,critica-soltura-criminosos-judiciario-copacabana-2023,Crítica à soltura de criminosos pelo Judiciário após assassinato em Copacabana,denuncia/irregularidade,"Copacabana, Rio de Janeiro",1,1,-1.0,-1.0,0,1,0,0,0,0,0,1,0,0,0.0,1.0,0.0,0.0,0,1,Quintino – Os Juízes precisam ser responsabilizados por quem soltam
criticas-a-guarda-municipal-transferencia-seguranca-presente-2022,criticas-a-guarda-municipal-transferencia-seguranca-presente-2022,Críticas à Guarda Municipal e sugestão de transferência de funções para o Segurança Presente,gestao/administracao,Rio de Janeiro,1,1,-1.0,-1.0,0,1,0,0,0,0,0,1,0,0,0.0,1.0,0.0,0.0,0,1,Bastidores do Rio – 18/4/22
criticas-bacellar-seguranca-copacabana-2025,criticas-bacellar-seguranca-copacabana-2025,Críticas de Bacellar à gestão de segurança após arrastão em Copacabana,gestao/administracao,Copacabana,1,1,-1.0,-1.0,0,1,0,0,0,0,0,1,0,0,0.0,1.0,0.0,0.0,0,1,Vídeo: Bacellar rompe silêncio e dispara contra Cláudio Castro e Eduardo Paes por falhas na segurança
criticas-bacellar-tce-seguranca-presente-2024,criticas-bacellar-tce-seguranca-presente-2024,Críticas de Bacellar ao TCE-RJ sobre decisões que afetam o Segurança Presente,gestao/administracao,Rio de Janeiro,1,1,-1.0,-1.0,0,1,0,0,0,0,0,1,0,0,0.0,1.0,0.0,0.0,0,1,Bacellar sobe o tom e critica decisões recentes do Tribunal de Contas
criticas-eduardo-paes-seguranca-publica-2026,criticas-eduardo-paes-seguranca-publica-2026,Críticas de Eduardo Paes à gestão de segurança do governo estadual após operação da PF,gestao/administracao,Rio de Janeiro,1,1,-1.0,-1.0,0,1,0,0,0,0,0,1,0,0,0.0,1.0,0.0,0.0,0,1,Paes critica Cláudio Castro após operação da PF e aponta discurso falso de ‘valentões’ ‘tchutchucas do Comando Vermelho’
criticas-gestao-claudio-castro-seguranca-rio-2023,criticas-gestao-claudio-castro-seguranca-rio-2023,Críticas à gestão de Cláudio Castro e à segurança no Rio de Janeiro,gestao/administracao,Rio de Janeiro,1,1,-1.0,-1.0,0,1,0,0,0,0,0,1,0,0,0.0,1.0,0.0,0.0,0,1,Quintino: Cláudio Castro precisa mostrar ao que veio
criticas-gestao-seguranca-rio-2023,criticas-gestao-seguranca-rio-2023,Críticas à gestão da segurança no Rio de Janeiro,gestao/administracao,Rio de Janeiro,1,1,-1.0,-1.0,0,1,0,0,0,0,0,1,0,0,0.0,1.0,0.0,0.0,0,1,Eduardo Paes mostra que sentiu o golpe – Bastidores do Rio
criticas-luiz-ramos-filho-comissao-defesa-animais-2024,criticas-luiz-ramos-filho-comissao-defesa-animais-2024,Críticas ao vereador Luiz Ramos Filho sobre sua atuação na Comissão de Defesa dos Animais,denuncia/irregularidade,,1,1,-1.0,-1.0,0,1,0,0,0,0,0,1,0,0,0.0,1.0,0.0,0.0,0,1,Luiz Ramos Filho na mira dos protetores de animais – Bastidores do Rio
criticas-permanencia-ricardo-couto-seguranca-presente-2026,criticas-permanencia-ricardo-couto-seguranca-presente-2026,Críticas à permanência de Ricardo Couto e ao programa Segurança Presente,gestao/administracao,Rio de Janeiro,1,1,-1.0,-1.0,0,1,0,0,0,0,0,1,0,0,0.0,1.0,0.0,0.0,0,1,PDT defende permanência de Ricardo Couto e abre embate com aliado de Ruas
criticas-politica-seguranca-witzel-favelas-2019,criticas-politica-seguranca-witzel-favelas-2019,Críticas à política de segurança de Witzel nas favelas do Rio de Janeiro,gestao/administracao,Rio de Janeiro,1,1,-1.0,-1.0,0,1,0,0,0,0,0,1,0,0,0.0,1.0,0.0,0.0,0,1,"Felipe Lucena: Põe a mão na cabecinha, Witzel"
criticas-reincidencia-crimes-sistema-judiciario-rio-2023,criticas-reincidencia-crimes-sistema-judiciario-rio-2023,Críticas à reincidência de crimes e falhas no sistema judiciário no Rio de Janeiro,denuncia/irregularidade,Rio de Janeiro,1,1,-1.0,-1.0,0,1,0,0,0,0,0,1,0,0,0.0,1.0,0.0,0.0,0,1,Quintino – Até quando vamos reclamar da Polícia se o crime é cometido por quem foi preso e solto?
criticas-seguranca-publica-santa-teresa-2022,criticas-seguranca-publica-santa-teresa-2022,Críticas à segurança pública em Santa Teresa,outro,"Santa Teresa, Rio de Janeiro",1,1,-1.0,-1.0,0,1,0,0,0,0,0,1,0,0,0.0,1.0,0.0,0.0,0,1,"Rodrigo Amorim: Sem segurança, roubam os trilhos"
debate-ccj-criticas-secretario-pm-2026,debate-ccj-criticas-secretario-pm-2026,Debate na CCJ sobre críticas ao secretário da PM e programas de segurança,gestao/administracao,Rio de Janeiro,1,1,-1.0,-1.0,0,1,0,0,0,0,0,1,0,0,0.0,1.0,0.0,0.0,0,1,Amorim intensifica críticas a Marcelo Menezes durante debate na CCJ
declaracao-governador-recomposicao-salarial-seguranca-presente-2026,declaracao-governador-recomposicao-salarial-seguranca-presente-2026,Declaração do governador sobre recomposição salarial durante inauguração do programa Segurança Presente,gestao/administracao,Iguaba Grande,1,1,-1.0,-1.0,0,1,0,0,0,0,0,1,0,0,0.0,1.0,0.0,0.0,0,1,Castro volta a dizer que não pagará recomposição e oposição reage na Alerj
denuncia-abandono-museu-policia-militar-niteroi-2026,denuncia-abandono-museu-policia-militar-niteroi-2026,Denúncia de abandono do futuro museu da Polícia Militar em Niterói,denuncia/irregularidade,Niterói,1,1,-1.0,-1.0,0,1,0,0,0,0,0,1,0,0,0.0,1.0,0.0,0.0,0,1,"Moradores denunciam abandono do futuro museu da Polícia Militar, em Niterói"
denuncia-participacao-pms-oracao-expediente-2025,denuncia-participacao-pms-oracao-expediente-2025,Denúncia de participação de PMs em oração durante expediente,denuncia/irregularidade,"Largo do Machado, Flamengo, Rio de Janeiro",1,1,-1.0,-1.0,0,1,0,0,0,0,0,1,0,0,0.0,1.0,0.0,0.0,0,1,Carlos Minc denuncia PMs por oração em serviço no Largo do Machado
descumprimento-normas-major-pm-niteroi-2024,descumprimento-normas-major-pm-niteroi-2024,Descumprimento de normas por major da PM em apoio a pré-candidato,gestao/administracao,Niterói,1,1,-1.0,-1.0,0,1,0,0,0,0,0,1,0,0,0.0,1.0,0.0,0.0,0,1,Major da PM descumpre estatuto e lei ao fazer postagens de apoio a pré-candidato
desentendimentos-seguranca-presente-camara-rio-2025,desentendimentos-seguranca-presente-camara-rio-2025,Desentendimentos sobre Segurança Presente na Câmara do Rio,gestao/administracao,Câmara do Rio de Janeiro,1,1,-1.0,-1.0,0,1,0,0,0,0,0,1,0,0,0.0,1.0,0.0,0.0,0,1,Vereadores encerram sessão mais cedo nesta quinta após votação de principais projetos e bate-boca sobre segurança
detencao-injusta-luiz-carlos-justino-niteroi-2022,detencao-injusta-luiz-carlos-justino-niteroi-2022,Detenção injusta do músico Luiz Carlos Justino em Niterói,prisao/apreensao,Niterói,1,1,-1.0,-1.0,0,1,0,0,0,0,0,1,0,0,0.0,1.0,0.0,0.0,0,1,"Músico é detido pela 2ª vez por crime que não cometeu, em Niterói"
diligencia-maus-tratos-gatos-campo-de-santana-2022,diligencia-maus-tratos-gatos-campo-de-santana-2022,Diligência do vereador sobre maus-tratos a gatos no Campo de Santana,denuncia/irregularidade,"Campo de Santana, Rio de Janeiro",1,1,-1.0,-1.0,0,1,0,0,0,0,0,1,0,0,0.0,1.0,0.0,0.0,0,1,Gatos do Campo de Santana sofrem com abandono e maus-tratos
discurso-bacellar-seguranca-publica-abertura-ano-legislativo-2025,discurso-bacellar-seguranca-publica-abertura-ano-legislativo-2025,Discurso de Bacellar sobre segurança pública na abertura do ano legislativo,outro,Assembleia Legislativa do Rio de Janeiro,1,1,-1.0,-1.0,0,1,0,0,0,0,0,1,0,0,0.0,1.0,0.0,0.0,0,1,"Aliado de Bacellar, Castro alfineta Paes em abertura do ano legislativo na Assembleia"
discurso-rodrigo-bacellar-seguranca-2025,discurso-rodrigo-bacellar-seguranca-2025,Discurso de Rodrigo Bacellar sobre segurança após arrastão,outro,Rio de Janeiro,1,1,-1.0,-1.0,0,1,0,0,0,0,0,1,0,0,0.0,1.0,0.0,0.0,0,1,"Bacellar mira em Cláudio Castro, no secretário da PM e em Eduardo Paes, num duro discurso sobre segurança após cenas de arrastão no domingo"
discussao-seguranca-camara-rio-2025,discussao-seguranca-camara-rio-2025,Discussão sobre segurança na Câmara do Rio,gestao/administracao,Câmara do Rio de Janeiro,1,1,-1.0,-1.0,0,1,0,0,0,0,0,1,0,0,0.0,1.0,0.0,0.0,0,1,Sessão começa com bate-boca entre oposição e base de Paes na Câmara do Rio
discussao-seguranca-publica-portinho-castro-2023,discussao-seguranca-publica-portinho-castro-2023,Discussão sobre segurança pública entre Portinho e Castro em grupo de WhatsApp,outro,Rio de Janeiro,1,1,-1.0,-1.0,0,1,0,0,0,0,0,1,0,0,0.0,1.0,0.0,0.0,0,1,Portinho e Claudio Castro discutem em grupo de WhatsApp – Bastidores do Rio
disputa-seguranca-publica-paes-bacellar-2026,disputa-seguranca-publica-paes-bacellar-2026,Disputa entre Paes e Bacellar sobre segurança pública e programa Segurança Presente,gestao/administracao,Rio de Janeiro,1,1,-1.0,-1.0,0,1,0,0,0,0,0,1,0,0,0.0,1.0,0.0,0.0,0,1,"Guarda armada x Segurança Presente: Pré-candidatos, Paes e Bacellar disputam protagonismo no combate à violência do Rio"
expansao-seguranca-presente-influenciada-por-politicos-2026,expansao-seguranca-presente-influenciada-por-politicos-2026,Expansão do programa Segurança Presente influenciada por políticos,gestao/administracao,Rio de Janeiro,1,1,-1.0,-1.0,0,1,0,0,0,0,0,1,0,0,0.0,1.0,0.0,0.0,0,1,Segurança Presente: expansão do programa ocorria por indicação de políticos e não acompanhava a mancha criminal
falha-porticos-seguranca-show-shakira-copacabana-2026,falha-porticos-seguranca-show-shakira-copacabana-2026,Falha nos pórticos de segurança para o show da Shakira em Copacabana,evento publico/cultural,Praia de Copacabana,1,1,-1.0,-1.0,0,1,0,0,0,0,0,1,0,0,0.0,1.0,0.0,0.0,0,1,Pórticos com detectores de metal para o show da Shakira não funcionam; mega esquema de segurança inteligente custou R$ 15 milhões
falta-de-policiais-seguranca-presente-laranjeiras-2026,falta-de-policiais-seguranca-presente-laranjeiras-2026,Falta de policiais no programa Segurança Presente em Laranjeiras e outros bairros do Rio,gestao/administracao,"Laranjeiras, Rio de Janeiro",1,1,-1.0,-1.0,0,1,0,0,0,0,0,1,0,0,0.0,1.0,0.0,0.0,0,1,Falta de policiais no programa Segurança Presente deixa bairros do Rio com bases esvaziadas nos fins de semana
fechamento-bar-amarelinho-cinelandia-2026,fechamento-bar-amarelinho-cinelândia-2026,Fechamento antecipado do bar Amarelinho devido à insegurança na Cinelândia,outro,"Cinelândia, Rio de Janeiro",1,1,-1.0,-1.0,0,1,0,0,0,0,0,1,0,0,0.0,1.0,0.0,0.0,0,1,Insegurança na Cinelândia faz o bar Amarelinho fechar mais cedo
fechamento-batalhoes-centro-rio-2007-2011,fechamento-batalhoes-centro-rio-2007-2011,Fechamento de batalhões e redução do efetivo policial no Centro do Rio,gestao/administracao,Centro do Rio de Janeiro,1,1,-1.0,-1.0,0,1,0,0,0,0,0,1,0,0,0.0,1.0,0.0,0.0,0,1,Centro do Rio perdeu mais de 1000 policiais com o fechamento de 3 batalhões em 2007 e 2011
flagrante-homem-fantasiado-com-maconha-miguel-pereira-2025,flagrante-homem-fantasiado-com-maconha-miguel-pereira-2025,Flagrante de homem fantasiado com maconha em Miguel Pereira,operacao policial,"Miguel Pereira, RJ",1,1,-1.0,-1.0,0,1,0,0,0,0,0,1,0,0,0.0,1.0,0.0,0.0,0,1,‘Chaves de Miguel Pereira’ é flagrado com maconha
fuga-motorista-operacao-lei-seca-barra-da-tijuca-2022,fuga-motorista-operacao-lei-seca-barra-da-tijuca-2022,Fuga de motorista durante operação da Lei Seca na Barra da Tijuca,operacao policial,"Barra da Tijuca, Rio de Janeiro",1,1,-1.0,-1.0,0,1,0,0,0,0,0,1,0,0,0.0,1.0,0.0,0.0,0,1,"Motorista foge da Lei Seca, na Barra da Tijuca, e quase atropela agente em serviço"
furto-vandalizacao-loja-leblon-2025,furto-vandalizacao-loja-leblon-2025,Furto e vandalização em loja no Leblon,violencia/crime,"Leblon, Rio de Janeiro",1,1,-1.0,-1.0,0,1,0,0,0,0,0,1,0,0,0.0,1.0,0.0,0.0,0,1,Ladrões causam destruição durante furto em loja do Leblon
homem-baleado-morto-centro-rio-2025,homem-baleado-morto-centro-rio-2025,Homem baleado e morto no Centro do Rio de Janeiro,violencia/crime,Centro do Rio de Janeiro,1,1,-1.0,-1.0,0,1,0,0,0,0,0,1,0,0,0.0,1.0,0.0,0.0,0,1,Homem baleado nas costas após discussão no Centro do Rio morre no Souza Aguiar; vídeo
homem-baleado-tentativa-assalto-pm-aterro-do-flamengo-2024,homem-baleado-tentativa-assalto-pm-aterro-do-flamengo-2024,Homem baleado e morto após tentativa de assalto a PM no Aterro do Flamengo,violencia/crime,"Aterro do Flamengo, Rio de Janeiro",1,1,-1.0,-1.0,0,1,0,0,0,0,0,1,0,0,0.0,1.0,0.0,0.0,0,1,Homem é baleado e morre no Aterro do Flamengo após tentar assaltar PM à paisana
homenagem-major-climaco-medalha-tiradentes-2025,homenagem-major-climaco-medalha-tiradentes-2025,Homenagem ao major Clímaco com a Medalha Tiradentes da Alerj,gestao/administracao,Niterói,1,1,-1.0,-1.0,0,1,0,0,0,0,0,1,0,0,0.0,1.0,0.0,0.0,0,1,Polêmico major de Niterói vai receber a Medalha Tiradentes da Alerj
inauguracao-seguranca-presente-bonsucesso-2020,inauguracao-seguranca-presente-bonsucesso-2020,Inauguração do Segurança Presente em Bonsucesso,inauguracao/expansao,"Bonsucesso, Rio de Janeiro",1,1,-1.0,-1.0,0,1,0,0,0,0,0,1,0,0,0.0,1.0,0.0,0.0,0,1,Segurança Presente chega a Bonsucesso com poucos policiais
indiciamento-th-joias-2025,indiciamento-th-joias-2025,Indiciamento de TH Joias e 17 pessoas por ligação com facções criminosas,denuncia/irregularidade,Rio de Janeiro,1,1,-1.0,-1.0,0,1,0,0,0,0,0,1,0,0,0.0,1.0,0.0,0.0,0,1,PF indicia TH Joias e mais 17 por ligação com facções criminosas
influencia-politica-rodrigo-bacellar-seguranca-publica-2026,influencia-politica-rodrigo-bacellar-seguranca-publica-2026,Influência política de Rodrigo Bacellar na segurança pública do Rio de Janeiro,gestao/administracao,Rio de Janeiro,1,1,-1.0,-1.0,0,1,0,0,0,0,0,1,0,0,0.0,1.0,0.0,0.0,0,1,O verdadeiro poder de Bacellar na segurança e no primeiro escalão do governo do estado
inicio-segunda-etapa-obras-vila-autodromo-2022,inicio-segunda-etapa-obras-vila-autodromo-2022,Início da segunda etapa das obras da Vila Autódromo,gestao/administracao,"Vila Autódromo, Jacarepaguá, Rio de Janeiro",1,1,-1.0,-1.0,0,1,0,0,0,0,0,1,0,0,0.0,1.0,0.0,0.0,0,1,"Com cinco anos de atraso, segunda etapa das obras da Vila Autódromo começaram a ser realizadas"
insatisfacao-seguranca-rio-2023,insatisfacao-seguranca-rio-2023,Insatisfação com a segurança no Rio de Janeiro,resultado/indicador,Rio de Janeiro,1,1,-1.0,-1.0,0,1,0,0,0,0,0,1,0,0,0.0,1.0,0.0,0.0,0,1,Marques: As revelações descortinadas pela pesquisa Prefab para Prefeito do Rio em 2024
insuficiencia-vagas-abrigos-situacao-rua-rio-2019,insuficiencia-vagas-abrigos-situacao-rua-rio-2019,Insuficiência de vagas em abrigos para pessoas em situação de rua no Rio de Janeiro,gestao/administracao,Rio de Janeiro,1,1,-1.0,-1.0,0,1,0,0,0,0,0,1,0,0,0.0,1.0,0.0,0.0,0,1,Abrigos da Prefeitura têm vagas para apenas 15% das pessoas em situação de rua
invasao-e-roubo-lojas-centro-rio-2023,invasao-e-roubo-lojas-centro-rio-2023,Invasão e roubo de lojas no Centro do Rio,violencia/crime,Centro do Rio de Janeiro,1,1,-1.0,-1.0,0,1,0,0,0,0,0,1,0,0,0.0,1.0,0.0,0.0,0,1,Criminosos voltam a invadir e roubar lojas no Centro do Rio
invasao-edificio-retrofitado-centro-rio-2025,invasao-edificio-retrofitado-centro-rio-2025,Invasão de edifício retrofitado no Centro do Rio,violencia/crime,Centro do Rio de Janeiro,1,1,-1.0,-1.0,0,1,0,0,0,0,0,1,0,0,0.0,1.0,0.0,0.0,0,1,Edifício retrofitado de 16 andares é arrombado e invadido no Centro do Rio
invasao-imoveis-sete-de-setembro-2025,invasao-imoveis-sete-de-setembro-2025,"Aumento da invasão de imóveis na Rua Sete de Setembro, Centro do Rio",violencia/crime,"Rua Sete de Setembro, Centro do Rio de Janeiro",1,1,-1.0,-1.0,0,1,0,0,0,0,0,1,0,0,0.0,1.0,0.0,0.0,0,1,"Gangue de invasores de imóveis agora atua na rua Sete de Setembro, no Centro"
invasao-predio-luxo-flamengo-2025,invasao-predio-luxo-flamengo-2025,Invasão de prédio de luxo no Flamengo,violencia/crime,"Flamengo, Rio de Janeiro",1,1,-1.0,-1.0,0,1,0,0,0,0,0,1,0,0,0.0,1.0,0.0,0.0,0,1,Polícia investiga se secretário de Governo era alvo de quadrilha que invadiu prédio no Flamengo
lancamento-cartaz-identificacao-assassinos-pm-bruno-dantas-2026,lancamento-cartaz-identificacao-assassinos-pm-bruno-dantas-2026,Lançamento de cartaz para identificar assassinos do sargento PM Bruno Dantas de Sousa,denuncia/irregularidade,Duque de Caxias,1,1,-1.0,-1.0,0,1,0,0,0,0,0,1,0,0,0.0,1.0,0.0,0.0,0,1,Disque Denúncia lança cartaz para identificar assassinos de PM
lancamento-livro-rodrigo-amorim-seguranca-publica-2020,lancamento-livro-rodrigo-amorim-seguranca-publica-2020,Lançamento do livro de Rodrigo Amorim sobre segurança pública,outro,"Tijuca, Rio de Janeiro",1,1,-1.0,-1.0,0,1,0,0,0,0,0,1,0,0,0.0,1.0,0.0,0.0,0,1,"Em livro, Rodrigo Amorim defende armamento da Guarda Municipal e justifica retirada da placa de Marielle"
liberdade-provisoria-turista-frances-furto-copacabana-2023,liberdade-provisoria-turista-frances-furto-copacabana-2023,Liberdade provisória de turista francês preso por furto em Copacabana,prisao/apreensao,"Copacabana, Rio de Janeiro",1,1,-1.0,-1.0,0,1,0,0,0,0,0,1,0,0,0.0,1.0,0.0,0.0,0,1,Turista francês preso por furto de joias em Copacabana recebe liberdade provisória
luta-corporal-policiais-japeri-2026,luta-corporal-policiais-japeri-2026,Luta corporal entre mulher e policiais durante abordagem em Japeri,operacao policial,Japeri,1,1,-1.0,-1.0,0,1,0,0,0,0,0,1,0,0,0.0,1.0,0.0,0.0,0,1,Mulher entra em luta corporal com policiais durante abordagem em Japeri
major-pm-propaganda-eleitoral-niteroi-2024,major-pm-propaganda-eleitoral-niteroi-2024,Major da PM faz propaganda eleitoral em Niterói,denuncia/irregularidade,Niterói,1,1,-1.0,-1.0,0,1,0,0,0,0,0,1,0,0,0.0,1.0,0.0,0.0,0,1,Major da PM descumpre estatuto e lei ao fazer propaganda eleitoral em Niterói
morte-homem-baleado-tijuca-2025,morte-homem-baleado-tijuca-2025,Morte de homem baleado na Tijuca,violencia/crime,"Tijuca, Rio de Janeiro",1,1,-1.0,-1.0,0,1,0,0,0,0,0,1,0,0,0.0,1.0,0.0,0.0,0,1,Morre homem baleado na Tijuca; violência no bairro preocupa moradores
mudanca-gestao-seguranca-presente-2026,mudanca-gestao-seguranca-presente-2026,Mudança na gestão do programa Segurança Presente para a Polícia Militar,gestao/administracao,Rio de Janeiro,1,1,-1.0,-1.0,0,1,0,0,0,0,0,1,0,0,0.0,1.0,0.0,0.0,0,1,Segurança Presente: controle de presença de agentes era feito manualmente por meio de assinatura de ponto
oposicao-comissao-seguranca-projeto-guarda-municipal-2025,oposicao-comissao-seguranca-projeto-guarda-municipal-2025,Oposição da Comissão de Segurança ao Projeto de Lei Complementar sobre a Guarda Municipal,gestao/administracao,Rio de Janeiro,1,1,-1.0,-1.0,0,1,0,0,0,0,0,1,0,0,0.0,1.0,0.0,0.0,0,1,Comissão de Segurança da Câmara se prepara para tentar barrar contratação temporária na GM
pagamento-atrasados-ras-policiais-penais-seguranca-presente-2024,pagamento-atrasados-ras-policiais-penais-seguranca-presente-2024,Pagamento de atrasados de RAS para policiais penais no Segurança Presente,gestao/administracao,Rio de Janeiro,1,1,-1.0,-1.0,0,1,0,0,0,0,0,1,0,0,0.0,1.0,0.0,0.0,0,1,Governo informa que pagará atrasados de RAS para policiais penais no Segurança Presente
paralisacao-obras-cobal-leblon-humaita-2025,paralisacao-obras-cobal-leblon-humaita-2025,Paralisação das obras de revitalização das Cobal do Leblon e Humaitá,gestao/administracao,"Cobal do Leblon e Cobal do Humaitá, Rio de Janeiro",1,1,-1.0,-1.0,0,1,0,0,0,0,0,1,0,0,0.0,1.0,0.0,0.0,0,1,Obras paradas nas Cobal do Leblon e Humaitá há dois meses; Conab diz aguardar verbas
pedido-impeachment-claudio-castro-operacao-jacarezinho-2021,pedido-impeachment-claudio-castro-operacao-jacarezinho-2021,Pedido de impeachment de Cláudio Castro por operação no Jacarezinho,denuncia/irregularidade,"Jacarezinho, Rio de Janeiro",1,1,-1.0,-1.0,0,1,0,0,0,0,0,1,0,0,0.0,1.0,0.0,0.0,0,1,"Castro diz que pedido de impeachment, por operação no Jacarezinho, é tentativa de politização"
policiais-penais-recebem-ras-menor-seguranca-presente-2024,policiais-penais-recebem-ras-menor-seguranca-presente-2024,Policiais penais recebem RAS menor no Segurança Presente,gestao/administracao,Rio de Janeiro,1,1,-1.0,-1.0,0,1,0,0,0,0,0,1,0,0,0.0,1.0,0.0,0.0,0,1,Policiais penais estão recebendo RAS menor no Segurança Presente
policiais-seguranca-presente-dormindo-viatura-2026,policiais-seguranca-presente-dormindo-viatura-2026,Policiais do Segurança Presente flagrados dormindo em viatura,denuncia/irregularidade,Centro do Rio,1,1,-1.0,-1.0,0,1,0,0,0,0,0,1,0,0,0.0,1.0,0.0,0.0,0,1,Vídeo mostra policiais do Segurança Presente dormindo em viatura
policiais-seguranca-presente-dormindo-viatura-centro-rio-2026,policiais-seguranca-presente-dormindo-viatura-centro-rio-2026,Policiais do Segurança Presente filmados dormindo em viatura no Centro do Rio,denuncia/irregularidade,Centro do Rio,1,1,-1.0,-1.0,0,1,0,0,0,0,0,1,0,0,0.0,1.0,0.0,0.0,0,1,VÍDEO: agentes do Segurança Presente são filmados dormindo dentro de viatura no Centro do Rio
policial-baleado-operacao-seguranca-presente-niteroi-2026,policial-baleado-operacao-seguranca-presente-niteroi-2026,Policial baleado durante ação contra o tráfico em Niterói,operacao policial,Niterói,1,1,-1.0,-1.0,0,1,0,0,0,0,0,1,0,0,0.0,1.0,0.0,0.0,0,1,PM é baleado durante ação contra o tráfico de drogas em Niterói
precarizacao-seguranca-presente-fins-de-semana-2026,precarizacao-seguranca-presente-fins-de-semana-2026,Precarização do programa Segurança Presente nos fins de semana e feriados,gestao/administracao,Rio de Janeiro,1,1,-1.0,-1.0,0,1,0,0,0,0,0,1,0,0,0.0,1.0,0.0,0.0,0,1,Bairros do Rio sofrem com precarização do programa Segurança Presente nos fins de semana e feriados
prensao-homem-tornozeleira-eletronica-furto-hospital-2025,prensao-homem-tornozeleira-eletronica-furto-hospital-2025,Prisão de homem com tornozeleira eletrônica por furto em hospital,prisao/apreensao,"Hospital Plantadores de Cana, Campos dos Goytacazes",1,1,-1.0,-1.0,0,1,0,0,0,0,0,1,0,0,0.0,1.0,0.0,0.0,0,1,Vídeo! Homem com tornozeleira eletrônica é preso por furto em hospital
prensao-morador-rua-vendendo-ossos-humanos-tijuca-2023,prensao-morador-rua-vendendo-ossos-humanos-tijuca-2023,Prisão de morador de rua vendendo ossos humanos na Tijuca,prisao/apreensao,"Tijuca, Rio de Janeiro",1,1,-1.0,-1.0,0,1,0,0,0,0,0,1,0,0,0.0,1.0,0.0,0.0,0,1,Morador de rua vendendo ossos humanos é preso na Tijuca
prensao-uniforme-falso-seguranca-presente-tijuca-2024,prensao-uniforme-falso-seguranca-presente-tijuca-2024,Prisão de homem usando uniforme falso do Segurança Presente na Tijuca,prisao/apreensao,"Tijuca, Rio de Janeiro",1,1,-1.0,-1.0,0,1,0,0,0,0,0,1,0,0,0.0,1.0,0.0,0.0,0,1,Homem é preso na Tijuca ao usar uniforme falso do Segurança Presente
prisao-adriana-souza-niteroi-2026,prisao-adriana-souza-niteroi-2026,"Prisão de Adriana Souza, suspeita de mandar matar capoeirista em Niterói",prisao/apreensao,Niterói,1,1,-1.0,-1.0,0,1,0,0,0,0,0,1,0,0,0.0,1.0,0.0,0.0,0,1,Irmã de Mestre Paulinho Sabiá é presa sob suspeita de mandar matar capoeirista em Niterói
prisao-chefe-milicia-belford-roxo-2025,prisao-chefe-milicia-belford-roxo-2025,Prisão de chefe de milícia e policial civil em Belford Roxo,prisao/apreensao,Belford Roxo,1,1,-1.0,-1.0,0,1,0,0,0,0,0,1,0,0,0.0,1.0,0.0,0.0,0,1,"Vídeo: chefe de milícia tenta fugir pela varanda, mas é preso pelo MPRJ"
prisao-cliente-briga-spa-niteroi-2026,prisao-cliente-briga-spa-niteroi-2026,Prisão de cliente após briga em spa em Niterói,prisao/apreensao,Niterói,1,1,-1.0,-1.0,0,1,0,0,0,0,0,1,0,0,0.0,1.0,0.0,0.0,0,1,Vídeo: Cliente de spa em Niterói é presa após perfurar rosto de funcionária durante briga
prisao-empresario-ato-obsceno-recreio-2025,prisao-empresario-ato-obsceno-recreio-2025,Prisão de empresário por ato obsceno em frente a escola no Recreio,prisao/apreensao,"Recreio, Rio de Janeiro",1,1,-1.0,-1.0,0,1,0,0,0,0,0,1,0,0,0.0,1.0,0.0,0.0,0,1,Empresário é preso por ato obsceno em frente a escola no Recreio
prisao-furto-fios-cobre-hospital-grajau-2023,prisao-furto-fios-cobre-hospital-grajau-2023,Prisão de homem por furto de fios de cobre em hospital no Grajaú,prisao/apreensao,"Grajaú, Rio de Janeiro",1,1,-1.0,-1.0,0,1,0,0,0,0,0,1,0,0,0.0,1.0,0.0,0.0,0,1,"Homem é preso, após roubar 30 metros de fio de cobre, em hospital, no Grajaú"
prisao-influenciadores-pesca-ilegal-niteroi-2026,prisao-influenciadores-pesca-ilegal-niteroi-2026,Prisão de influenciadores por pesca ilegal no Parque Estadual da Serra da Tiririca,prisao/apreensao,Niterói,1,1,-1.0,-1.0,0,1,0,0,0,0,0,1,0,0,0.0,1.0,0.0,0.0,0,1,Quem são os “influenciadores” presos por caça ilegal de caranguejo em Niterói
prisao-lutadora-agressao-pms-japeri-2026,prisao-lutadora-agressao-pms-japeri-2026,Manutenção da prisão de lutadora que agrediu PMs em Japeri,prisao/apreensao,Japeri,1,1,-1.0,-1.0,0,1,0,0,0,0,0,1,0,0,0.0,1.0,0.0,0.0,0,1,Justiça mantém prisão de lutadora que agrediu PMs em Japeri
prisao-moradora-rua-agressao-laranjeiras-2022,prisao-moradora-rua-agressao-laranjeiras-2022,Prisão de moradora de rua após agressão a pedestre em Laranjeiras,prisao/apreensao,"Laranjeiras, Rio de Janeiro",1,1,-1.0,-1.0,0,1,0,0,0,0,0,1,0,0,0.0,1.0,0.0,0.0,0,1,Mais uma moradora de rua é presa após agredir pedestre; fato ocorreu em Laranjeiras
prisao-rodrigo-bacellar-2025,prisao-rodrigo-bacellar-2025,Prisão do deputado Rodrigo Bacellar e suas implicações na segurança pública do RJ,prisao/apreensao,Rio de Janeiro,1,1,-1.0,-1.0,0,1,0,0,0,0,0,1,0,0,0.0,1.0,0.0,0.0,0,1,O verdadeiro poder de Bacellar na segurança pública e no 1º escalão do Governo do RJ
prisoes-brigadeiros-maconha-lapa-2022,prisoes-brigadeiros-maconha-lapa-2022,Prisões por venda de brigadeiros de maconha na Lapa,prisao/apreensao,"Lapa, Rio de Janeiro",1,1,-1.0,-1.0,0,1,0,0,0,0,0,1,0,0,0.0,1.0,0.0,0.0,0,1,"Em menos de 5 dias, 4 pessoas são presas por venda de ‘brigadeiros de maconha’ na Lapa"
projeto-lei-horarios-bares-restaurantes-arnaldo-quintela-2025,projeto-lei-horarios-bares-restaurantes-arnaldo-quintela-2025,Projeto de lei para limitar horários de bares e restaurantes na Rua Arnaldo Quintela,gestao/administracao,"Botafogo, Rio de Janeiro",1,1,-1.0,-1.0,0,1,0,0,0,0,0,1,0,0,0.0,1.0,0.0,0.0,0,1,Botafogo do barulho: projeto de lei para limitar horários de bares e restaurantes no polo da Arnaldo Quintela causa polêmica
promessas-claudio-castro-2026,promessas-claudio-castro-2026,Análise das promessas de campanha de Cláudio Castro,gestao/administracao,Rio de Janeiro,1,1,-1.0,-1.0,0,1,0,0,0,0,0,1,0,0,0.0,1.0,0.0,0.0,0,1,"Metrô, projetos para educação e saúde, segurança e mais: o que o Castro prometeu e não cumpriu"
promessas-nao-cumpridas-governo-claudio-castro-2026,promessas-nao-cumpridas-governo-claudio-castro-2026,Promessas não cumpridas do governo Cláudio Castro,gestao/administracao,Rio de Janeiro,1,1,-1.0,-1.0,0,1,0,0,0,0,0,1,0,0,0.0,1.0,0.0,0.0,0,1,"Metrô, projetos para educação e saúde, segurança e mais: o que o Castro prometeu e não cumpriu"
proposta-zonas-verdes-seguranca-turistas-rio-2019,proposta-zonas-verdes-seguranca-turistas-rio-2019,Proposta de zonas verdes para segurança de turistas no Rio de Janeiro,outro,Rio de Janeiro,1,1,-1.0,-1.0,0,1,0,0,0,0,0,1,0,0,0.0,1.0,0.0,0.0,0,1,Rodrigo Pimentel: Estado de Turismo para salvar o Rio
protesto-agentes-seguranca-presente-2024,protesto-agentes-seguranca-presente-2024,Protesto de agentes do Segurança Presente por atraso em pagamentos,denuncia/irregularidade,"Palácio Guanabara, Rio de Janeiro",1,1,-1.0,-1.0,0,1,0,0,0,0,0,1,0,0,0.0,1.0,0.0,0.0,0,1,Segurança Presente: agentes protestam na sede do governo por atraso em pagamentos
protesto-agentes-seguranca-presente-uerj-2025,protesto-agentes-seguranca-presente-uerj-2025,Protesto de agentes do Segurança Presente na Uerj contra salários atrasados,denuncia/irregularidade,"Uerj, Rio de Janeiro",1,1,-1.0,-1.0,0,1,0,0,0,0,0,1,0,0,0.0,1.0,0.0,0.0,0,1,Agentes do Segurança Presente protestam na Uerj contra salários atrasados
protesto-motoboys-sao-joao-de-meriti-2026,protesto-motoboys-sao-joao-de-meriti-2026,Protesto de motoboys em São João de Meriti após assassinato de entregador,outro,"São João de Meriti, Rio de Janeiro",1,1,-1.0,-1.0,0,1,0,0,0,0,0,1,0,0,0.0,1.0,0.0,0.0,0,1,Vídeo: Motoboys protestam em frente à prefeitura após morte de entregador em São João de Meriti
protestos-niteroi-resposta-operacao-policial-2025,protestos-niteroi-resposta-operacao-policial-2025,Protestos em Niterói em resposta a operação policial,violencia/crime,Niterói,1,1,-1.0,-1.0,0,1,0,0,0,0,0,1,0,0,0.0,1.0,0.0,0.0,0,1,"Vídeo: novos protestos em Niterói assustam moradores com bloqueios, fogo e ônibus atravessado"
queda-indices-homicidios-roubos-rio-janeiro-2026,queda-indices-homicidios-roubos-rio-janeiro-2026,Queda nos índices de homicídios e roubos no Rio de Janeiro em fevereiro de 2026,resultado/indicador,Rio de Janeiro,1,1,-1.0,-1.0,0,1,0,0,0,0,0,1,0,0,0.0,1.0,0.0,0.0,0,1,"Mesmo com queda nos índices, Rio ainda registra mais de 10 mortes por dia por violência"
queixas-vendedores-coco-lagoa-2022,queixas-vendedores-coco-lagoa-2022,Queixas de vendedores de coco sobre furtos na Lagoa,violencia/crime,"Lagoa Rodrigo de Freitas, Rio de Janeiro",1,1,-1.0,-1.0,0,1,0,0,0,0,0,1,0,0,0.0,1.0,0.0,0.0,0,1,Vendedores de coco da Lagoa se queixam de falta de segurança: ‘Só minha barraca foi roubada 12 vezes’
rebate-ranking-crimes-regiao-central-rio-2026,rebate-ranking-crimes-regiao-central-rio-2026,Rebate de ranking sobre crimes na Região Central do Rio de Janeiro,gestao/administracao,Centro do Rio de Janeiro,1,1,-1.0,-1.0,0,1,0,0,0,0,0,1,0,0,0.0,1.0,0.0,0.0,0,1,Comando do ‘Centro Presente’ rebate ranking e afirma que Região Central tem queda nos crimes
reclamacoes-inseguranca-largo-do-machado-2025,reclamacoes-inseguranca-largo-do-machado-2025,Reclamações sobre insegurança no Largo do Machado,violencia/crime,"Largo do Machado, Rio de Janeiro",1,1,-1.0,-1.0,0,1,0,0,0,0,0,1,0,0,0.0,1.0,0.0,0.0,0,1,Como a caridade ajudou a construir o interior fluminense no século XIX — e como barões do café disputavam hospitais e asilos
recolhimento-cobertores-moradores-rua-largo-carioca-2020,recolhimento-cobertores-moradores-rua-largo-carioca-2020,Recolhimento de cobertores de moradores de rua no Largo da Carioca,operacao policial,"Largo da Carioca, Rio de Janeiro",1,1,-1.0,-1.0,0,1,0,0,0,0,0,1,0,0,0.0,1.0,0.0,0.0,0,1,Operação Centro Presente e Comlurb recolhem cobertores de moradores de rua no Largo da Carioca
recomendacao-mp-suspensao-policiais-penais-seguranca-presente-2024,recomendacao-mp-suspensao-policiais-penais-seguranca-presente-2024,Recomendação do MP para suspensão de policiais penais no Segurança Presente,gestao/administracao,Rio de Janeiro,1,1,-1.0,-1.0,0,1,0,0,0,0,0,1,0,0,0.0,1.0,0.0,0.0,0,1,MP pede que estado suspenda a destinação de policiais penais para o Segurança Presente
reduzacao-efetivo-seguranca-presente-2019,reduzacao-efetivo-seguranca-presente-2019,Redução de efetivo policial no programa Segurança Presente para expansão de áreas,gestao/administracao,Rio de Janeiro,1,1,-1.0,-1.0,0,1,0,0,0,0,0,1,0,0,0.0,1.0,0.0,0.0,0,1,Segurança Presente diminui número de PMs em unidades para expandir áreas
reforco-operacao-verao-barra-recreio-2026,reforco-operacao-verao-barra-recreio-2026,Reforço da 'Operação Verão' na Barra e Recreio,gestao/administracao,"Barra da Tijuca e Recreio dos Bandeirantes, Rio de Janeiro",1,1,-1.0,-1.0,0,1,0,0,0,0,0,1,0,0,0.0,1.0,0.0,0.0,0,1,Deputado alerta para falhas no plano de segurança e pede reforço da ‘Operação Verão’ na Barra e no Recreio
reforco-policial-itaipava-2024,reforco-policial-itaipava-2024,Movimento empresarial pede reforço policial em Itaipava,gestao/administracao,"Itaipava, Petrópolis",1,1,-1.0,-1.0,0,1,0,0,0,0,0,1,0,0,0.0,1.0,0.0,0.0,0,1,Segurança em Itaipava: movimento empresarial pede reforço policial e apoio de órgãos públicos
repudio-ame-rj-agentes-civis-seguranca-presente-2025,repudio-ame-rj-agentes-civis-seguranca-presente-2025,Repúdio da AME-RJ ao uso de agentes civis no Segurança Presente,denuncia/irregularidade,Rio de Janeiro,1,1,-1.0,-1.0,0,1,0,0,0,0,0,1,0,0,0.0,1.0,0.0,0.0,0,1,Associação de militares do Rio repudia uso de agentes civis no Segurança Presente
retirada-base-seguranca-presente-ipanema-2024,retirada-base-seguranca-presente-ipanema-2024,Retirada da base do Segurança Presente em Ipanema,gestao/administracao,"Ipanema, Rio de Janeiro",1,1,-1.0,-1.0,0,1,0,0,0,0,0,1,0,0,0.0,1.0,0.0,0.0,0,1,Moradores e comerciantes de Ipanema vão retirar base de apoio do Segurança Presente
reuniao-camara-rio-plano-seguranca-cinelandia-2026,reuniao-camara-rio-plano-seguranca-cinelândia-2026,Reunião da Câmara do Rio para discutir plano de segurança na Cinelândia,gestao/administracao,"Cinelândia, Rio de Janeiro",1,1,-1.0,-1.0,0,1,0,0,0,0,0,1,0,0,0.0,1.0,0.0,0.0,0,1,Explosão de roubos na Cinelândia faz Câmara do Rio exigir plano imediato de segurança
reuniao-conselho-comunitario-seguranca-flamengo-2025,reuniao-conselho-comunitario-seguranca-flamengo-2025,Reunião do Conselho Comunitário para discutir segurança no Flamengo,gestao/administracao,"Flamengo, Rio de Janeiro",1,1,-1.0,-1.0,0,1,0,0,0,0,0,1,0,0,0.0,1.0,0.0,0.0,0,1,Roubo com motos cresce no Flamengo e reacende alerta de moradores
reuniao-investimentos-estaduais-interior-rj-2024,reuniao-investimentos-estaduais-interior-rj-2024,Reunião sobre investimentos do Estado no interior do RJ e insatisfação de prefeitos,gestao/administracao,"Palácio Guanabara, Rio de Janeiro",1,1,-1.0,-1.0,0,1,0,0,0,0,0,1,0,0,0.0,1.0,0.0,0.0,0,1,Castro destaca investimentos do Estado no interior do RJ; prefeitos mostram insatisfação
rodrigo-bacellar-critica-seguranca-publica-2025,rodrigo-bacellar-critica-seguranca-publica-2025,Rodrigo Bacellar critica segurança pública em discurso,outro,Copacabana,1,1,-1.0,-1.0,0,1,0,0,0,0,0,1,0,0,0.0,1.0,0.0,0.0,0,1,Rodrigo Bacellar entra na pré-campanha – Bastidores do Rio
sequestro-rodoviaria-novo-rio-2024,sequestro-rodoviaria-novo-rio-2024,Sequestro na Rodoviária Novo Rio e estado de saúde do petroleiro baleado,violencia/crime,Rodoviária Novo Rio,1,1,-1.0,-1.0,0,1,0,0,0,0,0,1,0,0,0.0,1.0,0.0,0.0,0,1,Sequestro da rodoviária faz um mês; petroleiro baleado já caminha no quarto do hospital
suspensao-do-teto-e-reallocacao-fundos-estaduais-2023,suspensao-do-teto-e-reallocacao-fundos-estaduais-2023,Suspensão do teto e realocação de recursos de fundos estaduais,gestao/administracao,Rio de Janeiro,1,1,-1.0,-1.0,0,1,0,0,0,0,0,1,0,0,0.0,1.0,0.0,0.0,0,1,Governo do RJ “suspende o teto” e deve poder utilizar dinheiro de 15 fundos estaduais para custeio
suspensao-projeto-labepro-seguranca-presente-2024,suspensao-projeto-labepro-seguranca-presente-2024,Suspensão do Projeto Labepro ligado ao Segurança Presente pelo TCE,denuncia/irregularidade,Rio de Janeiro,1,1,-1.0,-1.0,0,1,0,0,0,0,0,1,0,0,0.0,1.0,0.0,0.0,0,1,TCE aponta irregularidades e suspende projeto da Uerj ligado ao Segurança Presente
suspensao-projeto-labeprox-uerj-seguranca-presente-2023,suspensao-projeto-labeprox-uerj-seguranca-presente-2023,Suspensão do projeto Labeprox da Uerj para o programa Segurança Presente,gestao/administracao,Rio de Janeiro,1,1,-1.0,-1.0,0,1,0,0,0,0,0,1,0,0,0.0,1.0,0.0,0.0,0,1,TCE barra projeto da Uerj para aprimorar o programa Segurança Presente
taxista-escapa-assalto-botafogo-2021,taxista-escapa-assalto-botafogo-2021,Taxista escapa de assalto ao jogar carro contra agentes do Segurança Presente em Botafogo,violencia/crime,"Botafogo, Rio de Janeiro",1,1,-1.0,-1.0,0,1,0,0,0,0,0,1,0,0,0.0,1.0,0.0,0.0,0,1,Taxista joga carro contra equipe do Segurança Presente para escapar de assalto em Botafogo
temor-agentes-seguranca-presente-pagamento-13-salario-2024,temor-agentes-seguranca-presente-pagamento-13-salario-2024,Temor de agentes civis do Segurança Presente sobre pagamento do 13º salário,gestao/administracao,Rio de Janeiro,1,1,-1.0,-1.0,0,1,0,0,0,0,0,1,0,0,0.0,1.0,0.0,0.0,0,1,Agentes civis do Segurança Presente temem ficar sem 13º salário
tentativa-assalto-turista-praca-maua-2025,tentativa-assalto-turista-praca-maua-2025,Tentativa de assalto a turista na Praça Mauá,violencia/crime,"Praça Mauá, Rio de Janeiro",1,1,-1.0,-1.0,0,1,0,0,0,0,0,1,0,0,0.0,1.0,0.0,0.0,0,1,Turista é baleado em tentativa de assalto na Praça Mauá
tentativa-assalto-vereadora-taina-de-paula-tijuca-2024,tentativa-assalto-vereadora-taina-de-paula-tijuca-2024,Tentativa de assalto à vereadora Tainá de Paula na Tijuca,violencia/crime,"Tijuca, Rio de Janeiro",1,1,-1.0,-1.0,0,1,0,0,0,0,0,1,0,0,0.0,1.0,0.0,0.0,0,1,"Vereadora Tainá de Paula sofre tentativa de assalto na porta de casa, na Tijuca"
teste-drone-falante-prefeitura-campo-grande-2020,teste-drone-falante-prefeitura-campo-grande-2020,Teste do Drone Falante da Prefeitura em Campo Grande,operacao policial,"Campo Grande, Rio de Janeiro",1,1,-1.0,-1.0,0,1,0,0,0,0,0,1,0,0,0.0,1.0,0.0,0.0,0,1,Drone da Prefeitura criado para evitar algomerações faz justamente o contrário e reúne curiosos em Campo Grande
tiroteio-barra-shopping-2025,tiroteio-barra-shopping-2025,Tiroteio no BarraShopping após abordagem do Segurança Presente,violencia/crime,"BarraShopping, Barra da Tijuca, Rio de Janeiro",1,1,-1.0,-1.0,0,1,0,0,0,0,0,1,0,0,0.0,1.0,0.0,0.0,0,1,Vídeo: BarraShopping tem tiroteio após confusão entre policiais e entregadores
tiroteio-duque-de-caxias-2026,tiroteio-duque-de-caxias-2026,Tiroteio em Duque de Caxias durante perseguição policial,violencia/crime,Duque de Caxias,1,1,-1.0,-1.0,0,1,0,0,0,0,0,1,0,0,0.0,1.0,0.0,0.0,0,1,Perseguição termina em tiroteio em Duque de Caxias; uma pessoa morreu
tiroteio-nelsinho-ruas-sao-goncalo-2025,tiroteio-nelsinho-ruas-sao-goncalo-2025,Tiroteio envolvendo vereador Nelsinho Ruas e sargento da PM em São Gonçalo,violencia/crime,São Gonçalo,1,1,-1.0,-1.0,0,1,0,0,0,0,0,1,0,0,0.0,1.0,0.0,0.0,0,1,"Briga de trânsito com sargento da PM teria motivado ataque a tiros contra carro do vereador Nelsinho Ruas, de São Gonçalo"
tiroteio-pms-suspeitos-roubo-copacabana-2026,tiroteio-pms-suspeitos-roubo-copacabana-2026,Tiroteio entre PMs e suspeitos de roubo em Copacabana,operacao policial,"Copacabana, Rio de Janeiro",1,1,-1.0,-1.0,0,1,0,0,0,0,0,1,0,0,0.0,1.0,0.0,0.0,0,1,PMs trocam tiros com suspeitos de roubo em Copacabana
tiroteio-seguranca-presente-centro-rio-2021,tiroteio-seguranca-presente-centro-rio-2021,Tiroteio entre policiais do Segurança Presente e criminosos no Centro do Rio,violencia/crime,Centro do Rio de Janeiro,1,1,-1.0,-1.0,0,1,0,0,0,0,0,1,0,0,0.0,1.0,0.0,0.0,0,1,Tiroteio no Centro do Rio deixa PM ferido e bala perdida atinge sala do Detran
tiroteio-tentativa-assalto-barra-tijuca-2025,tiroteio-tentativa-assalto-barra-tijuca-2025,Tiroteio durante tentativa de assalto na Barra da Tijuca,violencia/crime,"Barra da Tijuca, Rio de Janeiro",1,1,-1.0,-1.0,0,1,0,0,0,0,0,1,0,0,0.0,1.0,0.0,0.0,0,1,Vídeo: PM de folga reage a assalto na Barra; dois homens se ferem
transito-caotico-falta-fiscalizacao-rio-2025,transito-caotico-falta-fiscalizacao-rio-2025,Trânsito caótico e falta de fiscalização no Rio de Janeiro,outro,Rio de Janeiro,1,1,-1.0,-1.0,0,1,0,0,0,0,0,1,0,0,0.0,1.0,0.0,0.0,0,1,Falta de fiscalização transforma o trânsito no Rio em teste de paciência
troca-de-tiros-seguranca-presente-barra-shopping-2025,troca-de-tiros-seguranca-presente-barra-shopping-2025,Troca de tiros entre agentes do Segurança Presente e motoboys em frente ao BarraShopping,violencia/crime,"BarraShopping, Rio de Janeiro",1,1,-1.0,-1.0,0,1,0,0,0,0,0,1,0,0,0.0,1.0,0.0,0.0,0,1,O que se sabe sobre a troca de tiros em frente ao BarraShopping
turista-baleado-tentativa-assalto-praca-maua-2025,turista-baleado-tentativa-assalto-praca-maua-2025,Turista baleado durante tentativa de assalto na Praça Mauá,violencia/crime,"Praça Mauá, Rio de Janeiro",1,1,-1.0,-1.0,0,1,0,0,0,0,0,1,0,0,0.0,1.0,0.0,0.0,0,1,"Prestes a entrar em cruzeiro, turista é baleado na Praça Mauá"
violencia-carnaval-de-rua-rio-2026,violencia-carnaval-de-rua-rio-2026,Relatos de violência e insegurança durante o carnaval de rua no Rio de Janeiro,violencia/crime,Rio de Janeiro,1,1,-1.0,-1.0,0,1,0,0,0,0,0,1,0,0,0.0,1.0,0.0,0.0,0,1,Carnaval de rua do Rio expõe medo e violência em áreas centrais
visita-governador-castro-norte-noroeste-fluminense-2024,visita-governador-castro-norte-noroeste-fluminense-2024,Visita do governador Claudio Castro a municípios do Norte e Noroeste Fluminense,outro,Norte e Noroeste Fluminense,1,1,-1.0,-1.0,0,1,0,0,0,0,0,1,0,0,0.0,1.0,0.0,0.0,0,1,Castro vai a municípios do Norte e do Noroeste tentar adoçar prefeitos da região
votacao-projeto-cameras-policiais-2021,votacao-projeto-cameras-policiais-2021,Votação contra projeto de câmeras para policiais,gestao/administracao,Rio de Janeiro,1,1,-1.0,-1.0,0,1,0,0,0,0,0,1,0,0,0.0,1.0,0.0,0.0,0,1,Vice-líderes do governo votam contra projeto apoiado por Claudio Castro
votacao-reforma-pm-2025,votacao-reforma-pm-2025,Votação de projetos que reformulam a PM e ampliam atenção à saúde mental dos agentes após operação letal,gestao/administracao,Rio de Janeiro,1,1,-1.0,-1.0,0,1,0,0,0,0,0,1,0,0,0.0,1.0,0.0,0.0,0,1,"No dia seguinte à operação mais letal da história do Rio, Alerj vota projetos que reformulam a PM e ampliam atenção à saúde mental dos agentes"
